rs63750607			
rs63750608			
rs63750622			
rs63750625			
rs63750700			
rs63750758			
rs63750759			
rs63750763			
rs63750798			
rs63750874			
rs63750987			
rs63750992			
rs63751001			
rs63751086			
rs63751112			
rs63751215			
rs63751241			
rs63751262			
rs63751279			
rs63751318			
rs63751325			
rs66492417			
rs66616070			
rs66864704			
rs66913554			
rs67470842			
rs67561842			
rs67791546			
rs67996819			
rs7190447			
rs7192303			
rs72547524			
rs72650697			
rs72650698			
rs72650699			
rs72650700			
rs72650701			
rs72650702			
rs72653703			
rs72653704			
rs72653705			
rs72653706			
rs72653743			
rs72653744			
rs72653745			
rs72653746			
rs72653747			
rs72653748			
rs72653749			
rs72653750			
