,"Max Magnitude","Chromosome position",Summary
Rs763539350,0,"11,802,915",
Rs768434408,0,"11,790,682",
Rs769381688,0,"11,801,257",
Rs776483190,0,"11,802,980",
Rs777661576,0,"11,790,916",
Rs780014899,0,"11,794,540",
Rs786204005,0,"11,803,156",
Rs786204007,0,"11,802,941",
Rs786204009,0,"11,801,392",
Rs786204010,0,"11,801,333",
Rs786204012,0,"11,801,248",
Rs786204013,0,"11,801,196",
Rs786204014,0,"11,796,399",
Rs786204016,0,"11,796,307",
Rs786204017,0,"11,796,226",
Rs786204018,0,"11,796,222",
Rs786204019,0,"11,796,217",
Rs786204020,0,"11,796,205",
Rs786204021,0,"11,794,853",
Rs786204022,0,"11,794,835",
Rs786204023,0,"11,794,807",
Rs786204024,0,"11,794,781",
Rs786204026,0,"11,793,921",
Rs786204027,0,"11,793,905",
Rs786204028,0,"11,792,304",
Rs786204030,0,"11,791,276",
Rs786204031,0,"11,791,235",
Rs786204034,0,"11,790,858",
Rs786204035,0,"11,790,853",
Rs786204037,0,"11,790,768",
Rs868014,0,"11,789,390",
Rs915014,0,"11,789,412",
Rs9651118,0,"11,802,157",
